{
  "MAE": 55.177482277306275,
  "RMSE": 73.3287880435242
}