{
  "MAE": 55.05539245979235,
  "RMSE": 72.85846417022086
}