{
  "MAE": 55.36619749170298,
  "RMSE": 73.51082189323638
}